[{"@type":"mappingTemplate","id":"@1","name":"m_cvent_create_meeting_request","description":"","bundleVersion":"0","templateId":"@3","deployTime":1721249895000,"hasParameters":false,"valid":true,"fixedConnection":true,"hasParametersDeployed":false,"fixedConnectionDeployed":true,"isSchemaValidationEnabled":false,"tasks":1,"mappingPreviewFileRecordId":"@2","documentType":"MAPPING","references":[{"@type":"reference","refObjectId":"@3EmcgUrJqiAb37rMxxYTGo","refType":"businessService"},{"@type":"reference","refObjectId":"@3EmcgUrJqiAb37rMxxYTGo@CreateMeetingRequest_SOAP1.2","refType":"businessOperation"},{"@type":"reference","refObjectId":"@bme0JzEt6gUecwc8c5jP6S","refType":"connection"}]}]