[{"@type":"fileRecord","id":"@5","name":"request","type":"XSD","size":6584,"attachTime":1715907151000},{"@type":"fileRecord","id":"@6","name":"response","type":"XSD","size":8735,"attachTime":1715907151000},{"@type":"fileRecord","id":"@3","name":"fault","type":"XSD","size":6574,"attachTime":1715907151000},{"@type":"fileRecord","id":"@2","name":"extension","type":"XML","size":28779,"attachTime":1715907151000},{"@type":"fileRecord","id":"@4","name":"metadata","type":"JSON","size":3543,"attachTime":1715907151000}]