[{"@type":"businessService","id":"@1","name":"bs_cvent_create_meeting_req","description":"ff","type":"WebService","connectionId":"@gruly8MVlGZlniXGvCMrs7","enableDynamicRefresh":true,"businessOperations":[{"@type":"businessOperation","id":"@3EmcgUrJqiAb37rMxxYTGo@CreateMeetingRequest_SOAP1.2","originName":"CreateMeetingRequest_SOAP1.2","name":"CreateMeetingRequest_SOAP1.2","description":"","configured":false,"metadataId":"@4","requestId":"@5","responseId":"@6","faultId":"@3","extensionXmlId":"@2"},{"@type":"businessOperation","id":"@3EmcgUrJqiAb37rMxxYTGo@Retrieve_event","originName":"Retrieve","name":"Retrieve_event","description":"","configured":false,"metadataId":"@9","requestId":"@10","responseId":"@11","faultId":"@8","extensionXmlId":"@7"}]}]