[{"@type":"fileRecord","id":"@11","name":"response","type":"XSD","size":18774,"attachTime":1721408203000},{"@type":"fileRecord","id":"@8","name":"fault","type":"XSD","size":4872,"attachTime":1721408203000},{"@type":"fileRecord","id":"@7","name":"extension","type":"XML","size":26136,"attachTime":1721408203000},{"@type":"fileRecord","id":"@3","name":"fault","type":"XSD","size":22664,"attachTime":1721408203000},{"@type":"fileRecord","id":"@2","name":"extension","type":"XML","size":56885,"attachTime":1721408203000},{"@type":"fileRecord","id":"@9","name":"metadata","type":"JSON","size":34538,"attachTime":1721408203000},{"@type":"fileRecord","id":"@10","name":"request","type":"XSD","size":11264,"attachTime":1721408203000},{"@type":"fileRecord","id":"@4","name":"metadata","type":"JSON","size":59088,"attachTime":1721408203000},{"@type":"fileRecord","id":"@5","name":"request","type":"XSD","size":25216,"attachTime":1721408203000},{"@type":"fileRecord","id":"@6","name":"response","type":"XSD","size":9870,"attachTime":1721408203000}]