[{"@type":"mappingTemplate","id":"@1","name":"Mapping3","description":"","bundleVersion":"0","templateId":"@3","deployTime":1723216445000,"hasParameters":false,"valid":true,"fixedConnection":true,"hasParametersDeployed":false,"fixedConnectionDeployed":true,"isSchemaValidationEnabled":false,"tasks":1,"mappingPreviewFileRecordId":"@2","documentType":"MAPPING","references":[{"@type":"reference","refObjectId":"@l2jDvWER6Ctl2T3bx7yHSk","refType":"connection"},{"@type":"reference","refObjectId":"@3EmcgUrJqiAb37rMxxYTGo","refType":"businessService"},{"@type":"reference","refObjectId":"@3EmcgUrJqiAb37rMxxYTGo@Retrieve_event","refType":"businessOperation"}]}]