[{"@type":"mappingTemplate","id":"@1","name":"m_cvent_create_meeting_request - Copy 1","description":"","bundleVersion":"0","templateId":"@3","deployTime":1721264667000,"hasParameters":false,"valid":true,"fixedConnection":true,"hasParametersDeployed":false,"fixedConnectionDeployed":true,"isSchemaValidationEnabled":false,"tasks":1,"mappingPreviewFileRecordId":"@2","documentType":"MAPPING","references":[{"@type":"reference","refObjectId":"@l2jDvWER6Ctl2T3bx7yHSk","refType":"connection"},{"@type":"reference","refObjectId":"@634m2MAM3sjfNRrMUcnCsf@CreateMeetingRequest","refType":"businessOperation"},{"@type":"reference","refObjectId":"@634m2MAM3sjfNRrMUcnCsf","refType":"businessService"}]}]