[{"@type":"fileRecord","id":"@6","name":"response","type":"XSD","size":9852,"attachTime":1721252169000},{"@type":"fileRecord","id":"@3","name":"fault","type":"XSD","size":4896,"attachTime":1721252169000},{"@type":"fileRecord","id":"@2","name":"extension","type":"XML","size":41243,"attachTime":1721252169000},{"@type":"fileRecord","id":"@5","name":"request","type":"XSD","size":25198,"attachTime":1721252169000},{"@type":"fileRecord","id":"@4","name":"metadata","type":"JSON","size":55094,"attachTime":1721252169000}]